--
-- PostgreSQL database dump
--

-- Dumped from database version 14.2
-- Dumped by pg_dump version 16.0

-- Started on 2024-03-10 20:49:02

SET statement_timeout = 0;
SET lock_timeout = 0;
SET idle_in_transaction_session_timeout = 0;
SET client_encoding = 'UTF8';
SET standard_conforming_strings = on;
SELECT pg_catalog.set_config('search_path', '', false);
SET check_function_bodies = false;
SET xmloption = content;
SET client_min_messages = warning;
SET row_security = off;

--
-- TOC entry 4 (class 2615 OID 2200)
-- Name: public; Type: SCHEMA; Schema: -; Owner: postgres
--

-- *not* creating schema, since initdb creates it


ALTER SCHEMA public OWNER TO postgres;

SET default_tablespace = '';

SET default_table_access_method = heap;

--
-- TOC entry 216 (class 1259 OID 73752)
-- Name: auth_group; Type: TABLE; Schema: public; Owner: postgres
--

CREATE TABLE public.auth_group (
    id integer NOT NULL,
    name character varying(150) NOT NULL
);


ALTER TABLE public.auth_group OWNER TO postgres;

--
-- TOC entry 215 (class 1259 OID 73751)
-- Name: auth_group_id_seq; Type: SEQUENCE; Schema: public; Owner: postgres
--

ALTER TABLE public.auth_group ALTER COLUMN id ADD GENERATED BY DEFAULT AS IDENTITY (
    SEQUENCE NAME public.auth_group_id_seq
    START WITH 1
    INCREMENT BY 1
    NO MINVALUE
    NO MAXVALUE
    CACHE 1
);


--
-- TOC entry 218 (class 1259 OID 73760)
-- Name: auth_group_permissions; Type: TABLE; Schema: public; Owner: postgres
--

CREATE TABLE public.auth_group_permissions (
    id bigint NOT NULL,
    group_id integer NOT NULL,
    permission_id integer NOT NULL
);


ALTER TABLE public.auth_group_permissions OWNER TO postgres;

--
-- TOC entry 217 (class 1259 OID 73759)
-- Name: auth_group_permissions_id_seq; Type: SEQUENCE; Schema: public; Owner: postgres
--

ALTER TABLE public.auth_group_permissions ALTER COLUMN id ADD GENERATED BY DEFAULT AS IDENTITY (
    SEQUENCE NAME public.auth_group_permissions_id_seq
    START WITH 1
    INCREMENT BY 1
    NO MINVALUE
    NO MAXVALUE
    CACHE 1
);


--
-- TOC entry 214 (class 1259 OID 73746)
-- Name: auth_permission; Type: TABLE; Schema: public; Owner: postgres
--

CREATE TABLE public.auth_permission (
    id integer NOT NULL,
    name character varying(255) NOT NULL,
    content_type_id integer NOT NULL,
    codename character varying(100) NOT NULL
);


ALTER TABLE public.auth_permission OWNER TO postgres;

--
-- TOC entry 213 (class 1259 OID 73745)
-- Name: auth_permission_id_seq; Type: SEQUENCE; Schema: public; Owner: postgres
--

ALTER TABLE public.auth_permission ALTER COLUMN id ADD GENERATED BY DEFAULT AS IDENTITY (
    SEQUENCE NAME public.auth_permission_id_seq
    START WITH 1
    INCREMENT BY 1
    NO MINVALUE
    NO MAXVALUE
    CACHE 1
);


--
-- TOC entry 220 (class 1259 OID 73766)
-- Name: auth_user; Type: TABLE; Schema: public; Owner: postgres
--

CREATE TABLE public.auth_user (
    id integer NOT NULL,
    password character varying(128) NOT NULL,
    last_login timestamp with time zone,
    is_superuser boolean NOT NULL,
    username character varying(150) NOT NULL,
    first_name character varying(150) NOT NULL,
    last_name character varying(150) NOT NULL,
    email character varying(254) NOT NULL,
    is_staff boolean NOT NULL,
    is_active boolean NOT NULL,
    date_joined timestamp with time zone NOT NULL
);


ALTER TABLE public.auth_user OWNER TO postgres;

--
-- TOC entry 222 (class 1259 OID 73774)
-- Name: auth_user_groups; Type: TABLE; Schema: public; Owner: postgres
--

CREATE TABLE public.auth_user_groups (
    id bigint NOT NULL,
    user_id integer NOT NULL,
    group_id integer NOT NULL
);


ALTER TABLE public.auth_user_groups OWNER TO postgres;

--
-- TOC entry 221 (class 1259 OID 73773)
-- Name: auth_user_groups_id_seq; Type: SEQUENCE; Schema: public; Owner: postgres
--

ALTER TABLE public.auth_user_groups ALTER COLUMN id ADD GENERATED BY DEFAULT AS IDENTITY (
    SEQUENCE NAME public.auth_user_groups_id_seq
    START WITH 1
    INCREMENT BY 1
    NO MINVALUE
    NO MAXVALUE
    CACHE 1
);


--
-- TOC entry 219 (class 1259 OID 73765)
-- Name: auth_user_id_seq; Type: SEQUENCE; Schema: public; Owner: postgres
--

ALTER TABLE public.auth_user ALTER COLUMN id ADD GENERATED BY DEFAULT AS IDENTITY (
    SEQUENCE NAME public.auth_user_id_seq
    START WITH 1
    INCREMENT BY 1
    NO MINVALUE
    NO MAXVALUE
    CACHE 1
);


--
-- TOC entry 224 (class 1259 OID 73780)
-- Name: auth_user_user_permissions; Type: TABLE; Schema: public; Owner: postgres
--

CREATE TABLE public.auth_user_user_permissions (
    id bigint NOT NULL,
    user_id integer NOT NULL,
    permission_id integer NOT NULL
);


ALTER TABLE public.auth_user_user_permissions OWNER TO postgres;

--
-- TOC entry 223 (class 1259 OID 73779)
-- Name: auth_user_user_permissions_id_seq; Type: SEQUENCE; Schema: public; Owner: postgres
--

ALTER TABLE public.auth_user_user_permissions ALTER COLUMN id ADD GENERATED BY DEFAULT AS IDENTITY (
    SEQUENCE NAME public.auth_user_user_permissions_id_seq
    START WITH 1
    INCREMENT BY 1
    NO MINVALUE
    NO MAXVALUE
    CACHE 1
);


--
-- TOC entry 226 (class 1259 OID 73838)
-- Name: django_admin_log; Type: TABLE; Schema: public; Owner: postgres
--

CREATE TABLE public.django_admin_log (
    id integer NOT NULL,
    action_time timestamp with time zone NOT NULL,
    object_id text,
    object_repr character varying(200) NOT NULL,
    action_flag smallint NOT NULL,
    change_message text NOT NULL,
    content_type_id integer,
    user_id integer NOT NULL,
    CONSTRAINT django_admin_log_action_flag_check CHECK ((action_flag >= 0))
);


ALTER TABLE public.django_admin_log OWNER TO postgres;

--
-- TOC entry 225 (class 1259 OID 73837)
-- Name: django_admin_log_id_seq; Type: SEQUENCE; Schema: public; Owner: postgres
--

ALTER TABLE public.django_admin_log ALTER COLUMN id ADD GENERATED BY DEFAULT AS IDENTITY (
    SEQUENCE NAME public.django_admin_log_id_seq
    START WITH 1
    INCREMENT BY 1
    NO MINVALUE
    NO MAXVALUE
    CACHE 1
);


--
-- TOC entry 212 (class 1259 OID 73738)
-- Name: django_content_type; Type: TABLE; Schema: public; Owner: postgres
--

CREATE TABLE public.django_content_type (
    id integer NOT NULL,
    app_label character varying(100) NOT NULL,
    model character varying(100) NOT NULL
);


ALTER TABLE public.django_content_type OWNER TO postgres;

--
-- TOC entry 211 (class 1259 OID 73737)
-- Name: django_content_type_id_seq; Type: SEQUENCE; Schema: public; Owner: postgres
--

ALTER TABLE public.django_content_type ALTER COLUMN id ADD GENERATED BY DEFAULT AS IDENTITY (
    SEQUENCE NAME public.django_content_type_id_seq
    START WITH 1
    INCREMENT BY 1
    NO MINVALUE
    NO MAXVALUE
    CACHE 1
);


--
-- TOC entry 210 (class 1259 OID 73730)
-- Name: django_migrations; Type: TABLE; Schema: public; Owner: postgres
--

CREATE TABLE public.django_migrations (
    id bigint NOT NULL,
    app character varying(255) NOT NULL,
    name character varying(255) NOT NULL,
    applied timestamp with time zone NOT NULL
);


ALTER TABLE public.django_migrations OWNER TO postgres;

--
-- TOC entry 209 (class 1259 OID 73729)
-- Name: django_migrations_id_seq; Type: SEQUENCE; Schema: public; Owner: postgres
--

ALTER TABLE public.django_migrations ALTER COLUMN id ADD GENERATED BY DEFAULT AS IDENTITY (
    SEQUENCE NAME public.django_migrations_id_seq
    START WITH 1
    INCREMENT BY 1
    NO MINVALUE
    NO MAXVALUE
    CACHE 1
);


--
-- TOC entry 237 (class 1259 OID 73959)
-- Name: django_session; Type: TABLE; Schema: public; Owner: postgres
--

CREATE TABLE public.django_session (
    session_key character varying(40) NOT NULL,
    session_data text NOT NULL,
    expire_date timestamp with time zone NOT NULL
);


ALTER TABLE public.django_session OWNER TO postgres;

--
-- TOC entry 241 (class 1259 OID 155848)
-- Name: hasil_detail_hasil; Type: TABLE; Schema: public; Owner: postgres
--

CREATE TABLE public.hasil_detail_hasil (
    id bigint NOT NULL,
    nilai_norm double precision NOT NULL,
    hasil_id bigint NOT NULL,
    sapi_id bigint NOT NULL
);


ALTER TABLE public.hasil_detail_hasil OWNER TO postgres;

--
-- TOC entry 240 (class 1259 OID 155847)
-- Name: hasil_detail_hasil_id_seq; Type: SEQUENCE; Schema: public; Owner: postgres
--

ALTER TABLE public.hasil_detail_hasil ALTER COLUMN id ADD GENERATED BY DEFAULT AS IDENTITY (
    SEQUENCE NAME public.hasil_detail_hasil_id_seq
    START WITH 1
    INCREMENT BY 1
    NO MINVALUE
    NO MAXVALUE
    CACHE 1
);


--
-- TOC entry 239 (class 1259 OID 81921)
-- Name: hasil_hasil; Type: TABLE; Schema: public; Owner: postgres
--

CREATE TABLE public.hasil_hasil (
    id bigint NOT NULL,
    nama character varying(30) NOT NULL,
    email character varying(50) NOT NULL,
    tgl_pemilihan date NOT NULL
);


ALTER TABLE public.hasil_hasil OWNER TO postgres;

--
-- TOC entry 238 (class 1259 OID 81920)
-- Name: hasil_hasil_id_seq; Type: SEQUENCE; Schema: public; Owner: postgres
--

ALTER TABLE public.hasil_hasil ALTER COLUMN id ADD GENERATED BY DEFAULT AS IDENTITY (
    SEQUENCE NAME public.hasil_hasil_id_seq
    START WITH 1
    INCREMENT BY 1
    NO MINVALUE
    NO MAXVALUE
    CACHE 1
);


--
-- TOC entry 230 (class 1259 OID 73878)
-- Name: kriteria_kriteria; Type: TABLE; Schema: public; Owner: postgres
--

CREATE TABLE public.kriteria_kriteria (
    id bigint NOT NULL,
    nama_kriteria character varying(50) NOT NULL,
    bobot_kriteria numeric(5,2) NOT NULL,
    satuan character varying(10) NOT NULL,
    atribut character varying(20) NOT NULL
);


ALTER TABLE public.kriteria_kriteria OWNER TO postgres;

--
-- TOC entry 229 (class 1259 OID 73877)
-- Name: kriteria_kriteria_id_seq; Type: SEQUENCE; Schema: public; Owner: postgres
--

ALTER TABLE public.kriteria_kriteria ALTER COLUMN id ADD GENERATED BY DEFAULT AS IDENTITY (
    SEQUENCE NAME public.kriteria_kriteria_id_seq
    START WITH 1
    INCREMENT BY 1
    NO MINVALUE
    NO MAXVALUE
    CACHE 1
);


--
-- TOC entry 232 (class 1259 OID 73900)
-- Name: kriteria_kriteriasapi; Type: TABLE; Schema: public; Owner: postgres
--

CREATE TABLE public.kriteria_kriteriasapi (
    id bigint NOT NULL,
    nilai double precision NOT NULL,
    kriteria_id bigint NOT NULL,
    sapi_id bigint NOT NULL
);


ALTER TABLE public.kriteria_kriteriasapi OWNER TO postgres;

--
-- TOC entry 231 (class 1259 OID 73899)
-- Name: kriteria_kriteriasapi_id_seq; Type: SEQUENCE; Schema: public; Owner: postgres
--

ALTER TABLE public.kriteria_kriteriasapi ALTER COLUMN id ADD GENERATED BY DEFAULT AS IDENTITY (
    SEQUENCE NAME public.kriteria_kriteriasapi_id_seq
    START WITH 1
    INCREMENT BY 1
    NO MINVALUE
    NO MAXVALUE
    CACHE 1
);


--
-- TOC entry 234 (class 1259 OID 73936)
-- Name: nilai_nilai; Type: TABLE; Schema: public; Owner: postgres
--

CREATE TABLE public.nilai_nilai (
    id bigint NOT NULL,
    status character varying(10) NOT NULL,
    bobot integer NOT NULL
);


ALTER TABLE public.nilai_nilai OWNER TO postgres;

--
-- TOC entry 233 (class 1259 OID 73935)
-- Name: nilai_nilai_id_seq; Type: SEQUENCE; Schema: public; Owner: postgres
--

ALTER TABLE public.nilai_nilai ALTER COLUMN id ADD GENERATED BY DEFAULT AS IDENTITY (
    SEQUENCE NAME public.nilai_nilai_id_seq
    START WITH 1
    INCREMENT BY 1
    NO MINVALUE
    NO MAXVALUE
    CACHE 1
);


--
-- TOC entry 236 (class 1259 OID 73942)
-- Name: nilai_parameter; Type: TABLE; Schema: public; Owner: postgres
--

CREATE TABLE public.nilai_parameter (
    id bigint NOT NULL,
    nama character varying(50) NOT NULL,
    min double precision NOT NULL,
    max double precision NOT NULL,
    kriteria_id bigint NOT NULL,
    nilai_id bigint NOT NULL
);


ALTER TABLE public.nilai_parameter OWNER TO postgres;

--
-- TOC entry 235 (class 1259 OID 73941)
-- Name: nilai_parameter_id_seq; Type: SEQUENCE; Schema: public; Owner: postgres
--

ALTER TABLE public.nilai_parameter ALTER COLUMN id ADD GENERATED BY DEFAULT AS IDENTITY (
    SEQUENCE NAME public.nilai_parameter_id_seq
    START WITH 1
    INCREMENT BY 1
    NO MINVALUE
    NO MAXVALUE
    CACHE 1
);


--
-- TOC entry 228 (class 1259 OID 73867)
-- Name: sapi_sapi; Type: TABLE; Schema: public; Owner: postgres
--

CREATE TABLE public.sapi_sapi (
    id bigint NOT NULL,
    kode_sapi character varying(6) NOT NULL,
    nama_sapi text NOT NULL,
    desc_sapi character varying(255)
);


ALTER TABLE public.sapi_sapi OWNER TO postgres;

--
-- TOC entry 227 (class 1259 OID 73866)
-- Name: sapi_sapi_id_seq; Type: SEQUENCE; Schema: public; Owner: postgres
--

ALTER TABLE public.sapi_sapi ALTER COLUMN id ADD GENERATED BY DEFAULT AS IDENTITY (
    SEQUENCE NAME public.sapi_sapi_id_seq
    START WITH 1
    INCREMENT BY 1
    NO MINVALUE
    NO MAXVALUE
    CACHE 1
);


--
-- TOC entry 3475 (class 0 OID 73752)
-- Dependencies: 216
-- Data for Name: auth_group; Type: TABLE DATA; Schema: public; Owner: postgres
--

COPY public.auth_group (id, name) FROM stdin;
\.


--
-- TOC entry 3477 (class 0 OID 73760)
-- Dependencies: 218
-- Data for Name: auth_group_permissions; Type: TABLE DATA; Schema: public; Owner: postgres
--

COPY public.auth_group_permissions (id, group_id, permission_id) FROM stdin;
\.


--
-- TOC entry 3473 (class 0 OID 73746)
-- Dependencies: 214
-- Data for Name: auth_permission; Type: TABLE DATA; Schema: public; Owner: postgres
--

COPY public.auth_permission (id, name, content_type_id, codename) FROM stdin;
1	Can add sapi	1	add_sapi
2	Can change sapi	1	change_sapi
3	Can delete sapi	1	delete_sapi
4	Can view sapi	1	view_sapi
5	Can add kriteria	2	add_kriteria
6	Can change kriteria	2	change_kriteria
7	Can delete kriteria	2	delete_kriteria
8	Can view kriteria	2	view_kriteria
9	Can add kriteria sapi	3	add_kriteriasapi
10	Can change kriteria sapi	3	change_kriteriasapi
11	Can delete kriteria sapi	3	delete_kriteriasapi
12	Can view kriteria sapi	3	view_kriteriasapi
13	Can add nilai	4	add_nilai
14	Can change nilai	4	change_nilai
15	Can delete nilai	4	delete_nilai
16	Can view nilai	4	view_nilai
17	Can add parameter	5	add_parameter
18	Can change parameter	5	change_parameter
19	Can delete parameter	5	delete_parameter
20	Can view parameter	5	view_parameter
21	Can add log entry	6	add_logentry
22	Can change log entry	6	change_logentry
23	Can delete log entry	6	delete_logentry
24	Can view log entry	6	view_logentry
25	Can add permission	7	add_permission
26	Can change permission	7	change_permission
27	Can delete permission	7	delete_permission
28	Can view permission	7	view_permission
29	Can add group	8	add_group
30	Can change group	8	change_group
31	Can delete group	8	delete_group
32	Can view group	8	view_group
33	Can add user	9	add_user
34	Can change user	9	change_user
35	Can delete user	9	delete_user
36	Can view user	9	view_user
37	Can add content type	10	add_contenttype
38	Can change content type	10	change_contenttype
39	Can delete content type	10	delete_contenttype
40	Can view content type	10	view_contenttype
41	Can add session	11	add_session
42	Can change session	11	change_session
43	Can delete session	11	delete_session
44	Can view session	11	view_session
45	Can add hasil	12	add_hasil
46	Can change hasil	12	change_hasil
47	Can delete hasil	12	delete_hasil
48	Can view hasil	12	view_hasil
49	Can add detail_ hasil	13	add_detail_hasil
50	Can change detail_ hasil	13	change_detail_hasil
51	Can delete detail_ hasil	13	delete_detail_hasil
52	Can view detail_ hasil	13	view_detail_hasil
\.


--
-- TOC entry 3479 (class 0 OID 73766)
-- Dependencies: 220
-- Data for Name: auth_user; Type: TABLE DATA; Schema: public; Owner: postgres
--

COPY public.auth_user (id, password, last_login, is_superuser, username, first_name, last_name, email, is_staff, is_active, date_joined) FROM stdin;
\.


--
-- TOC entry 3481 (class 0 OID 73774)
-- Dependencies: 222
-- Data for Name: auth_user_groups; Type: TABLE DATA; Schema: public; Owner: postgres
--

COPY public.auth_user_groups (id, user_id, group_id) FROM stdin;
\.


--
-- TOC entry 3483 (class 0 OID 73780)
-- Dependencies: 224
-- Data for Name: auth_user_user_permissions; Type: TABLE DATA; Schema: public; Owner: postgres
--

COPY public.auth_user_user_permissions (id, user_id, permission_id) FROM stdin;
\.


--
-- TOC entry 3485 (class 0 OID 73838)
-- Dependencies: 226
-- Data for Name: django_admin_log; Type: TABLE DATA; Schema: public; Owner: postgres
--

COPY public.django_admin_log (id, action_time, object_id, object_repr, action_flag, change_message, content_type_id, user_id) FROM stdin;
\.


--
-- TOC entry 3471 (class 0 OID 73738)
-- Dependencies: 212
-- Data for Name: django_content_type; Type: TABLE DATA; Schema: public; Owner: postgres
--

COPY public.django_content_type (id, app_label, model) FROM stdin;
1	sapi	sapi
2	kriteria	kriteria
3	kriteria	kriteriasapi
4	nilai	nilai
5	nilai	parameter
6	admin	logentry
7	auth	permission
8	auth	group
9	auth	user
10	contenttypes	contenttype
11	sessions	session
12	hasil	hasil
13	hasil	detail_hasil
\.


--
-- TOC entry 3469 (class 0 OID 73730)
-- Dependencies: 210
-- Data for Name: django_migrations; Type: TABLE DATA; Schema: public; Owner: postgres
--

COPY public.django_migrations (id, app, name, applied) FROM stdin;
1	contenttypes	0001_initial	2024-01-31 11:51:12.453175+07
2	auth	0001_initial	2024-01-31 11:51:12.563855+07
3	admin	0001_initial	2024-01-31 11:51:12.593252+07
4	admin	0002_logentry_remove_auto_add	2024-01-31 11:51:12.600854+07
5	admin	0003_logentry_add_action_flag_choices	2024-01-31 11:51:12.608594+07
6	contenttypes	0002_remove_content_type_name	2024-01-31 11:51:12.62246+07
7	auth	0002_alter_permission_name_max_length	2024-01-31 11:51:12.631123+07
8	auth	0003_alter_user_email_max_length	2024-01-31 11:51:12.638901+07
9	auth	0004_alter_user_username_opts	2024-01-31 11:51:12.647157+07
10	auth	0005_alter_user_last_login_null	2024-01-31 11:51:12.656365+07
11	auth	0006_require_contenttypes_0002	2024-01-31 11:51:12.658491+07
12	auth	0007_alter_validators_add_error_messages	2024-01-31 11:51:12.666676+07
13	auth	0008_alter_user_username_max_length	2024-01-31 11:51:12.684401+07
14	auth	0009_alter_user_last_name_max_length	2024-01-31 11:51:12.692874+07
15	auth	0010_alter_group_name_max_length	2024-01-31 11:51:12.700928+07
16	auth	0011_update_proxy_permissions	2024-01-31 11:51:12.707974+07
17	auth	0012_alter_user_first_name_max_length	2024-01-31 11:51:12.715918+07
18	sapi	0001_initial	2024-01-31 11:51:12.735881+07
19	kriteria	0001_initial	2024-01-31 11:51:12.744703+07
20	kriteria	0002_alter_kriteria_bobot_kriteria_alter_kriteria_satuan	2024-01-31 11:51:12.760573+07
21	kriteria	0003_alter_kriteria_bobot_kriteria_alter_kriteria_satuan	2024-01-31 11:51:12.778073+07
22	kriteria	0004_alter_kriteria_atribut	2024-01-31 11:51:12.785049+07
23	kriteria	0005_alter_kriteria_atribut	2024-01-31 11:51:12.788048+07
24	kriteria	0006_kriteriasapi	2024-01-31 11:51:12.809466+07
25	kriteria	0007_rename_kriteria_id_kriteriasapi_kriteria_and_more	2024-01-31 11:51:12.842278+07
26	kriteria	0008_alter_kriteria_satuan	2024-01-31 11:51:12.851156+07
27	kriteria	0009_alter_kriteria_bobot_kriteria	2024-01-31 11:51:12.862287+07
28	nilai	0001_initial	2024-01-31 11:51:12.892211+07
29	sapi	0002_remove_sapi_desc_sapi	2024-01-31 11:51:12.89676+07
30	sapi	0003_sapi_desc_sapi	2024-01-31 11:51:12.901133+07
31	sessions	0001_initial	2024-01-31 11:51:12.915477+07
32	nilai	0002_alter_parameter_max_alter_parameter_min	2024-01-31 15:01:43.064674+07
33	hasil	0001_initial	2024-02-12 10:04:39.711638+07
34	hasil	0002_detail_hasil	2024-03-10 11:53:20.969654+07
\.


--
-- TOC entry 3496 (class 0 OID 73959)
-- Dependencies: 237
-- Data for Name: django_session; Type: TABLE DATA; Schema: public; Owner: postgres
--

COPY public.django_session (session_key, session_data, expire_date) FROM stdin;
\.


--
-- TOC entry 3500 (class 0 OID 155848)
-- Dependencies: 241
-- Data for Name: hasil_detail_hasil; Type: TABLE DATA; Schema: public; Owner: postgres
--

COPY public.hasil_detail_hasil (id, nilai_norm, hasil_id, sapi_id) FROM stdin;
7	0.9	7	1
8	0.7700000000000001	7	3
9	0.745	7	2
10	0.565	7	4
11	0.53	7	5
\.


--
-- TOC entry 3498 (class 0 OID 81921)
-- Dependencies: 239
-- Data for Name: hasil_hasil; Type: TABLE DATA; Schema: public; Owner: postgres
--

COPY public.hasil_hasil (id, nama, email, tgl_pemilihan) FROM stdin;
7	test	admin@gmail.com	2024-03-10
\.


--
-- TOC entry 3489 (class 0 OID 73878)
-- Dependencies: 230
-- Data for Name: kriteria_kriteria; Type: TABLE DATA; Schema: public; Owner: postgres
--

COPY public.kriteria_kriteria (id, nama_kriteria, bobot_kriteria, satuan, atribut) FROM stdin;
2	Berat	0.20	Kg	benefit
3	Tinggi	0.20	cm	benefit
4	Harga	0.25	Rp	cost
5	Usia	0.25	-	benefit
6	Daya Konsumsi Pakan	0.15	Kg	benefit
\.


--
-- TOC entry 3491 (class 0 OID 73900)
-- Dependencies: 232
-- Data for Name: kriteria_kriteriasapi; Type: TABLE DATA; Schema: public; Owner: postgres
--

COPY public.kriteria_kriteriasapi (id, nilai, kriteria_id, sapi_id) FROM stdin;
1	1300	2	1
2	200	3	1
4	34	5	1
5	4	6	1
6	800	2	2
7	150	3	2
9	21	5	2
10	4	6	2
11	900	2	3
12	160	3	3
14	25	5	3
15	3	6	3
16	600	2	4
17	130	3	4
19	17	5	4
20	1	6	4
21	300	2	5
22	100	3	5
24	7	5	5
25	2	6	5
8	40000000	4	2
13	50000000	4	3
18	35000000	4	4
23	15000000	4	5
3	60000000	4	1
\.


--
-- TOC entry 3493 (class 0 OID 73936)
-- Dependencies: 234
-- Data for Name: nilai_nilai; Type: TABLE DATA; Schema: public; Owner: postgres
--

COPY public.nilai_nilai (id, status, bobot) FROM stdin;
4	SR	1
5	R	2
6	C	3
7	T	4
8	ST	5
\.


--
-- TOC entry 3495 (class 0 OID 73942)
-- Dependencies: 236
-- Data for Name: nilai_parameter; Type: TABLE DATA; Schema: public; Owner: postgres
--

COPY public.nilai_parameter (id, nama, min, max, kriteria_id, nilai_id) FROM stdin;
2	0-300	0	300	2	4
3	301-600	301	600	2	5
4	601-900	601	900	2	6
5	901-1200	901	1200	2	7
6	1201-1500	1201	1500	2	8
7	0-50	0	50	3	4
8	51-100	51	100	3	5
9	101-150	101	150	3	6
10	151-200	151	200	3	7
11	201-250	201	250	3	8
12	< 10000000	0	10000000	4	4
13	10000000-20000000	10000000	20000000	4	5
14	20000000-35000000	20000000	35000000	4	6
15	35000000-50000000	35000000	50000000	4	7
16	>5000000	50000000	50000000	4	8
17	0-7	0	7	5	4
18	8-12	8	12	5	5
19	13-20	13	20	5	6
20	21-28	21	28	5	7
21	29-36	29	36	5	8
22	0.5	0.5	0	6	4
23	1	1	0	6	5
24	2	2	0	6	6
25	3	3	0	6	7
26	>3	3	3	6	8
\.


--
-- TOC entry 3487 (class 0 OID 73867)
-- Dependencies: 228
-- Data for Name: sapi_sapi; Type: TABLE DATA; Schema: public; Owner: postgres
--

COPY public.sapi_sapi (id, kode_sapi, nama_sapi, desc_sapi) FROM stdin;
1	A001	Sapi A	Lorem Ipsum is simply dummy text of the printing and typesetting industry. Lorem Ipsum has been the industry's standard dummy text ever since the 1500s,
2	A002	Sapi B	Lorem Ipsum is simply dummy text of the printing and typesetting industry. Lorem Ipsum has been the industry's standard dummy text ever since the 1500s,
3	A003	Sapi C	Lorem Ipsum is simply dummy text of the printing and typesetting industry. Lorem Ipsum has been the industry's standard dummy text ever since the 1500s,
4	A004	Sapi D	Lorem Ipsum is simply dummy text of the printing and typesetting industry. Lorem Ipsum has been the industry's standard dummy text ever since the 1500s,
5	A005	Sapi E	Lorem Ipsum is simply dummy text of the printing and typesetting industry. Lorem Ipsum has been the industry's standard dummy text ever since the 1500s,
\.


--
-- TOC entry 3507 (class 0 OID 0)
-- Dependencies: 215
-- Name: auth_group_id_seq; Type: SEQUENCE SET; Schema: public; Owner: postgres
--

SELECT pg_catalog.setval('public.auth_group_id_seq', 1, false);


--
-- TOC entry 3508 (class 0 OID 0)
-- Dependencies: 217
-- Name: auth_group_permissions_id_seq; Type: SEQUENCE SET; Schema: public; Owner: postgres
--

SELECT pg_catalog.setval('public.auth_group_permissions_id_seq', 1, false);


--
-- TOC entry 3509 (class 0 OID 0)
-- Dependencies: 213
-- Name: auth_permission_id_seq; Type: SEQUENCE SET; Schema: public; Owner: postgres
--

SELECT pg_catalog.setval('public.auth_permission_id_seq', 52, true);


--
-- TOC entry 3510 (class 0 OID 0)
-- Dependencies: 221
-- Name: auth_user_groups_id_seq; Type: SEQUENCE SET; Schema: public; Owner: postgres
--

SELECT pg_catalog.setval('public.auth_user_groups_id_seq', 1, false);


--
-- TOC entry 3511 (class 0 OID 0)
-- Dependencies: 219
-- Name: auth_user_id_seq; Type: SEQUENCE SET; Schema: public; Owner: postgres
--

SELECT pg_catalog.setval('public.auth_user_id_seq', 1, false);


--
-- TOC entry 3512 (class 0 OID 0)
-- Dependencies: 223
-- Name: auth_user_user_permissions_id_seq; Type: SEQUENCE SET; Schema: public; Owner: postgres
--

SELECT pg_catalog.setval('public.auth_user_user_permissions_id_seq', 1, false);


--
-- TOC entry 3513 (class 0 OID 0)
-- Dependencies: 225
-- Name: django_admin_log_id_seq; Type: SEQUENCE SET; Schema: public; Owner: postgres
--

SELECT pg_catalog.setval('public.django_admin_log_id_seq', 1, false);


--
-- TOC entry 3514 (class 0 OID 0)
-- Dependencies: 211
-- Name: django_content_type_id_seq; Type: SEQUENCE SET; Schema: public; Owner: postgres
--

SELECT pg_catalog.setval('public.django_content_type_id_seq', 13, true);


--
-- TOC entry 3515 (class 0 OID 0)
-- Dependencies: 209
-- Name: django_migrations_id_seq; Type: SEQUENCE SET; Schema: public; Owner: postgres
--

SELECT pg_catalog.setval('public.django_migrations_id_seq', 34, true);


--
-- TOC entry 3516 (class 0 OID 0)
-- Dependencies: 240
-- Name: hasil_detail_hasil_id_seq; Type: SEQUENCE SET; Schema: public; Owner: postgres
--

SELECT pg_catalog.setval('public.hasil_detail_hasil_id_seq', 11, true);


--
-- TOC entry 3517 (class 0 OID 0)
-- Dependencies: 238
-- Name: hasil_hasil_id_seq; Type: SEQUENCE SET; Schema: public; Owner: postgres
--

SELECT pg_catalog.setval('public.hasil_hasil_id_seq', 7, true);


--
-- TOC entry 3518 (class 0 OID 0)
-- Dependencies: 229
-- Name: kriteria_kriteria_id_seq; Type: SEQUENCE SET; Schema: public; Owner: postgres
--

SELECT pg_catalog.setval('public.kriteria_kriteria_id_seq', 6, true);


--
-- TOC entry 3519 (class 0 OID 0)
-- Dependencies: 231
-- Name: kriteria_kriteriasapi_id_seq; Type: SEQUENCE SET; Schema: public; Owner: postgres
--

SELECT pg_catalog.setval('public.kriteria_kriteriasapi_id_seq', 25, true);


--
-- TOC entry 3520 (class 0 OID 0)
-- Dependencies: 233
-- Name: nilai_nilai_id_seq; Type: SEQUENCE SET; Schema: public; Owner: postgres
--

SELECT pg_catalog.setval('public.nilai_nilai_id_seq', 8, true);


--
-- TOC entry 3521 (class 0 OID 0)
-- Dependencies: 235
-- Name: nilai_parameter_id_seq; Type: SEQUENCE SET; Schema: public; Owner: postgres
--

SELECT pg_catalog.setval('public.nilai_parameter_id_seq', 26, true);


--
-- TOC entry 3522 (class 0 OID 0)
-- Dependencies: 227
-- Name: sapi_sapi_id_seq; Type: SEQUENCE SET; Schema: public; Owner: postgres
--

SELECT pg_catalog.setval('public.sapi_sapi_id_seq', 5, true);


--
-- TOC entry 3257 (class 2606 OID 73864)
-- Name: auth_group auth_group_name_key; Type: CONSTRAINT; Schema: public; Owner: postgres
--

ALTER TABLE ONLY public.auth_group
    ADD CONSTRAINT auth_group_name_key UNIQUE (name);


--
-- TOC entry 3262 (class 2606 OID 73795)
-- Name: auth_group_permissions auth_group_permissions_group_id_permission_id_0cd325b0_uniq; Type: CONSTRAINT; Schema: public; Owner: postgres
--

ALTER TABLE ONLY public.auth_group_permissions
    ADD CONSTRAINT auth_group_permissions_group_id_permission_id_0cd325b0_uniq UNIQUE (group_id, permission_id);


--
-- TOC entry 3265 (class 2606 OID 73764)
-- Name: auth_group_permissions auth_group_permissions_pkey; Type: CONSTRAINT; Schema: public; Owner: postgres
--

ALTER TABLE ONLY public.auth_group_permissions
    ADD CONSTRAINT auth_group_permissions_pkey PRIMARY KEY (id);


--
-- TOC entry 3259 (class 2606 OID 73756)
-- Name: auth_group auth_group_pkey; Type: CONSTRAINT; Schema: public; Owner: postgres
--

ALTER TABLE ONLY public.auth_group
    ADD CONSTRAINT auth_group_pkey PRIMARY KEY (id);


--
-- TOC entry 3252 (class 2606 OID 73786)
-- Name: auth_permission auth_permission_content_type_id_codename_01ab375a_uniq; Type: CONSTRAINT; Schema: public; Owner: postgres
--

ALTER TABLE ONLY public.auth_permission
    ADD CONSTRAINT auth_permission_content_type_id_codename_01ab375a_uniq UNIQUE (content_type_id, codename);


--
-- TOC entry 3254 (class 2606 OID 73750)
-- Name: auth_permission auth_permission_pkey; Type: CONSTRAINT; Schema: public; Owner: postgres
--

ALTER TABLE ONLY public.auth_permission
    ADD CONSTRAINT auth_permission_pkey PRIMARY KEY (id);


--
-- TOC entry 3273 (class 2606 OID 73778)
-- Name: auth_user_groups auth_user_groups_pkey; Type: CONSTRAINT; Schema: public; Owner: postgres
--

ALTER TABLE ONLY public.auth_user_groups
    ADD CONSTRAINT auth_user_groups_pkey PRIMARY KEY (id);


--
-- TOC entry 3276 (class 2606 OID 73810)
-- Name: auth_user_groups auth_user_groups_user_id_group_id_94350c0c_uniq; Type: CONSTRAINT; Schema: public; Owner: postgres
--

ALTER TABLE ONLY public.auth_user_groups
    ADD CONSTRAINT auth_user_groups_user_id_group_id_94350c0c_uniq UNIQUE (user_id, group_id);


--
-- TOC entry 3267 (class 2606 OID 73770)
-- Name: auth_user auth_user_pkey; Type: CONSTRAINT; Schema: public; Owner: postgres
--

ALTER TABLE ONLY public.auth_user
    ADD CONSTRAINT auth_user_pkey PRIMARY KEY (id);


--
-- TOC entry 3279 (class 2606 OID 73784)
-- Name: auth_user_user_permissions auth_user_user_permissions_pkey; Type: CONSTRAINT; Schema: public; Owner: postgres
--

ALTER TABLE ONLY public.auth_user_user_permissions
    ADD CONSTRAINT auth_user_user_permissions_pkey PRIMARY KEY (id);


--
-- TOC entry 3282 (class 2606 OID 73824)
-- Name: auth_user_user_permissions auth_user_user_permissions_user_id_permission_id_14a6b632_uniq; Type: CONSTRAINT; Schema: public; Owner: postgres
--

ALTER TABLE ONLY public.auth_user_user_permissions
    ADD CONSTRAINT auth_user_user_permissions_user_id_permission_id_14a6b632_uniq UNIQUE (user_id, permission_id);


--
-- TOC entry 3270 (class 2606 OID 73859)
-- Name: auth_user auth_user_username_key; Type: CONSTRAINT; Schema: public; Owner: postgres
--

ALTER TABLE ONLY public.auth_user
    ADD CONSTRAINT auth_user_username_key UNIQUE (username);


--
-- TOC entry 3285 (class 2606 OID 73845)
-- Name: django_admin_log django_admin_log_pkey; Type: CONSTRAINT; Schema: public; Owner: postgres
--

ALTER TABLE ONLY public.django_admin_log
    ADD CONSTRAINT django_admin_log_pkey PRIMARY KEY (id);


--
-- TOC entry 3247 (class 2606 OID 73744)
-- Name: django_content_type django_content_type_app_label_model_76bd3d3b_uniq; Type: CONSTRAINT; Schema: public; Owner: postgres
--

ALTER TABLE ONLY public.django_content_type
    ADD CONSTRAINT django_content_type_app_label_model_76bd3d3b_uniq UNIQUE (app_label, model);


--
-- TOC entry 3249 (class 2606 OID 73742)
-- Name: django_content_type django_content_type_pkey; Type: CONSTRAINT; Schema: public; Owner: postgres
--

ALTER TABLE ONLY public.django_content_type
    ADD CONSTRAINT django_content_type_pkey PRIMARY KEY (id);


--
-- TOC entry 3245 (class 2606 OID 73736)
-- Name: django_migrations django_migrations_pkey; Type: CONSTRAINT; Schema: public; Owner: postgres
--

ALTER TABLE ONLY public.django_migrations
    ADD CONSTRAINT django_migrations_pkey PRIMARY KEY (id);


--
-- TOC entry 3306 (class 2606 OID 73965)
-- Name: django_session django_session_pkey; Type: CONSTRAINT; Schema: public; Owner: postgres
--

ALTER TABLE ONLY public.django_session
    ADD CONSTRAINT django_session_pkey PRIMARY KEY (session_key);


--
-- TOC entry 3312 (class 2606 OID 155852)
-- Name: hasil_detail_hasil hasil_detail_hasil_pkey; Type: CONSTRAINT; Schema: public; Owner: postgres
--

ALTER TABLE ONLY public.hasil_detail_hasil
    ADD CONSTRAINT hasil_detail_hasil_pkey PRIMARY KEY (id);


--
-- TOC entry 3309 (class 2606 OID 81925)
-- Name: hasil_hasil hasil_hasil_pkey; Type: CONSTRAINT; Schema: public; Owner: postgres
--

ALTER TABLE ONLY public.hasil_hasil
    ADD CONSTRAINT hasil_hasil_pkey PRIMARY KEY (id);


--
-- TOC entry 3293 (class 2606 OID 73882)
-- Name: kriteria_kriteria kriteria_kriteria_pkey; Type: CONSTRAINT; Schema: public; Owner: postgres
--

ALTER TABLE ONLY public.kriteria_kriteria
    ADD CONSTRAINT kriteria_kriteria_pkey PRIMARY KEY (id);


--
-- TOC entry 3296 (class 2606 OID 73904)
-- Name: kriteria_kriteriasapi kriteria_kriteriasapi_pkey; Type: CONSTRAINT; Schema: public; Owner: postgres
--

ALTER TABLE ONLY public.kriteria_kriteriasapi
    ADD CONSTRAINT kriteria_kriteriasapi_pkey PRIMARY KEY (id);


--
-- TOC entry 3299 (class 2606 OID 73940)
-- Name: nilai_nilai nilai_nilai_pkey; Type: CONSTRAINT; Schema: public; Owner: postgres
--

ALTER TABLE ONLY public.nilai_nilai
    ADD CONSTRAINT nilai_nilai_pkey PRIMARY KEY (id);


--
-- TOC entry 3303 (class 2606 OID 73946)
-- Name: nilai_parameter nilai_parameter_pkey; Type: CONSTRAINT; Schema: public; Owner: postgres
--

ALTER TABLE ONLY public.nilai_parameter
    ADD CONSTRAINT nilai_parameter_pkey PRIMARY KEY (id);


--
-- TOC entry 3289 (class 2606 OID 73875)
-- Name: sapi_sapi sapi_sapi_kode_sapi_key; Type: CONSTRAINT; Schema: public; Owner: postgres
--

ALTER TABLE ONLY public.sapi_sapi
    ADD CONSTRAINT sapi_sapi_kode_sapi_key UNIQUE (kode_sapi);


--
-- TOC entry 3291 (class 2606 OID 73873)
-- Name: sapi_sapi sapi_sapi_pkey; Type: CONSTRAINT; Schema: public; Owner: postgres
--

ALTER TABLE ONLY public.sapi_sapi
    ADD CONSTRAINT sapi_sapi_pkey PRIMARY KEY (id);


--
-- TOC entry 3255 (class 1259 OID 73865)
-- Name: auth_group_name_a6ea08ec_like; Type: INDEX; Schema: public; Owner: postgres
--

CREATE INDEX auth_group_name_a6ea08ec_like ON public.auth_group USING btree (name varchar_pattern_ops);


--
-- TOC entry 3260 (class 1259 OID 73806)
-- Name: auth_group_permissions_group_id_b120cbf9; Type: INDEX; Schema: public; Owner: postgres
--

CREATE INDEX auth_group_permissions_group_id_b120cbf9 ON public.auth_group_permissions USING btree (group_id);


--
-- TOC entry 3263 (class 1259 OID 73807)
-- Name: auth_group_permissions_permission_id_84c5c92e; Type: INDEX; Schema: public; Owner: postgres
--

CREATE INDEX auth_group_permissions_permission_id_84c5c92e ON public.auth_group_permissions USING btree (permission_id);


--
-- TOC entry 3250 (class 1259 OID 73792)
-- Name: auth_permission_content_type_id_2f476e4b; Type: INDEX; Schema: public; Owner: postgres
--

CREATE INDEX auth_permission_content_type_id_2f476e4b ON public.auth_permission USING btree (content_type_id);


--
-- TOC entry 3271 (class 1259 OID 73822)
-- Name: auth_user_groups_group_id_97559544; Type: INDEX; Schema: public; Owner: postgres
--

CREATE INDEX auth_user_groups_group_id_97559544 ON public.auth_user_groups USING btree (group_id);


--
-- TOC entry 3274 (class 1259 OID 73821)
-- Name: auth_user_groups_user_id_6a12ed8b; Type: INDEX; Schema: public; Owner: postgres
--

CREATE INDEX auth_user_groups_user_id_6a12ed8b ON public.auth_user_groups USING btree (user_id);


--
-- TOC entry 3277 (class 1259 OID 73836)
-- Name: auth_user_user_permissions_permission_id_1fbb5f2c; Type: INDEX; Schema: public; Owner: postgres
--

CREATE INDEX auth_user_user_permissions_permission_id_1fbb5f2c ON public.auth_user_user_permissions USING btree (permission_id);


--
-- TOC entry 3280 (class 1259 OID 73835)
-- Name: auth_user_user_permissions_user_id_a95ead1b; Type: INDEX; Schema: public; Owner: postgres
--

CREATE INDEX auth_user_user_permissions_user_id_a95ead1b ON public.auth_user_user_permissions USING btree (user_id);


--
-- TOC entry 3268 (class 1259 OID 73860)
-- Name: auth_user_username_6821ab7c_like; Type: INDEX; Schema: public; Owner: postgres
--

CREATE INDEX auth_user_username_6821ab7c_like ON public.auth_user USING btree (username varchar_pattern_ops);


--
-- TOC entry 3283 (class 1259 OID 73856)
-- Name: django_admin_log_content_type_id_c4bce8eb; Type: INDEX; Schema: public; Owner: postgres
--

CREATE INDEX django_admin_log_content_type_id_c4bce8eb ON public.django_admin_log USING btree (content_type_id);


--
-- TOC entry 3286 (class 1259 OID 73857)
-- Name: django_admin_log_user_id_c564eba6; Type: INDEX; Schema: public; Owner: postgres
--

CREATE INDEX django_admin_log_user_id_c564eba6 ON public.django_admin_log USING btree (user_id);


--
-- TOC entry 3304 (class 1259 OID 73967)
-- Name: django_session_expire_date_a5c62663; Type: INDEX; Schema: public; Owner: postgres
--

CREATE INDEX django_session_expire_date_a5c62663 ON public.django_session USING btree (expire_date);


--
-- TOC entry 3307 (class 1259 OID 73966)
-- Name: django_session_session_key_c0390e0f_like; Type: INDEX; Schema: public; Owner: postgres
--

CREATE INDEX django_session_session_key_c0390e0f_like ON public.django_session USING btree (session_key varchar_pattern_ops);


--
-- TOC entry 3310 (class 1259 OID 155863)
-- Name: hasil_detail_hasil_hasil_id_415c9911; Type: INDEX; Schema: public; Owner: postgres
--

CREATE INDEX hasil_detail_hasil_hasil_id_415c9911 ON public.hasil_detail_hasil USING btree (hasil_id);


--
-- TOC entry 3313 (class 1259 OID 155864)
-- Name: hasil_detail_hasil_sapi_id_f172c9bd; Type: INDEX; Schema: public; Owner: postgres
--

CREATE INDEX hasil_detail_hasil_sapi_id_f172c9bd ON public.hasil_detail_hasil USING btree (sapi_id);


--
-- TOC entry 3294 (class 1259 OID 73915)
-- Name: kriteria_kriteriasapi_kriteria_id_id_4f3340bd; Type: INDEX; Schema: public; Owner: postgres
--

CREATE INDEX kriteria_kriteriasapi_kriteria_id_id_4f3340bd ON public.kriteria_kriteriasapi USING btree (kriteria_id);


--
-- TOC entry 3297 (class 1259 OID 73916)
-- Name: kriteria_kriteriasapi_sapi_id_id_8c270243; Type: INDEX; Schema: public; Owner: postgres
--

CREATE INDEX kriteria_kriteriasapi_sapi_id_id_8c270243 ON public.kriteria_kriteriasapi USING btree (sapi_id);


--
-- TOC entry 3300 (class 1259 OID 73957)
-- Name: nilai_parameter_kriteria_id_731cc17b; Type: INDEX; Schema: public; Owner: postgres
--

CREATE INDEX nilai_parameter_kriteria_id_731cc17b ON public.nilai_parameter USING btree (kriteria_id);


--
-- TOC entry 3301 (class 1259 OID 73958)
-- Name: nilai_parameter_nilai_id_07f976ef; Type: INDEX; Schema: public; Owner: postgres
--

CREATE INDEX nilai_parameter_nilai_id_07f976ef ON public.nilai_parameter USING btree (nilai_id);


--
-- TOC entry 3287 (class 1259 OID 73876)
-- Name: sapi_sapi_kode_sapi_f05a59e2_like; Type: INDEX; Schema: public; Owner: postgres
--

CREATE INDEX sapi_sapi_kode_sapi_f05a59e2_like ON public.sapi_sapi USING btree (kode_sapi varchar_pattern_ops);


--
-- TOC entry 3315 (class 2606 OID 73801)
-- Name: auth_group_permissions auth_group_permissio_permission_id_84c5c92e_fk_auth_perm; Type: FK CONSTRAINT; Schema: public; Owner: postgres
--

ALTER TABLE ONLY public.auth_group_permissions
    ADD CONSTRAINT auth_group_permissio_permission_id_84c5c92e_fk_auth_perm FOREIGN KEY (permission_id) REFERENCES public.auth_permission(id) DEFERRABLE INITIALLY DEFERRED;


--
-- TOC entry 3316 (class 2606 OID 73796)
-- Name: auth_group_permissions auth_group_permissions_group_id_b120cbf9_fk_auth_group_id; Type: FK CONSTRAINT; Schema: public; Owner: postgres
--

ALTER TABLE ONLY public.auth_group_permissions
    ADD CONSTRAINT auth_group_permissions_group_id_b120cbf9_fk_auth_group_id FOREIGN KEY (group_id) REFERENCES public.auth_group(id) DEFERRABLE INITIALLY DEFERRED;


--
-- TOC entry 3314 (class 2606 OID 73787)
-- Name: auth_permission auth_permission_content_type_id_2f476e4b_fk_django_co; Type: FK CONSTRAINT; Schema: public; Owner: postgres
--

ALTER TABLE ONLY public.auth_permission
    ADD CONSTRAINT auth_permission_content_type_id_2f476e4b_fk_django_co FOREIGN KEY (content_type_id) REFERENCES public.django_content_type(id) DEFERRABLE INITIALLY DEFERRED;


--
-- TOC entry 3317 (class 2606 OID 73816)
-- Name: auth_user_groups auth_user_groups_group_id_97559544_fk_auth_group_id; Type: FK CONSTRAINT; Schema: public; Owner: postgres
--

ALTER TABLE ONLY public.auth_user_groups
    ADD CONSTRAINT auth_user_groups_group_id_97559544_fk_auth_group_id FOREIGN KEY (group_id) REFERENCES public.auth_group(id) DEFERRABLE INITIALLY DEFERRED;


--
-- TOC entry 3318 (class 2606 OID 73811)
-- Name: auth_user_groups auth_user_groups_user_id_6a12ed8b_fk_auth_user_id; Type: FK CONSTRAINT; Schema: public; Owner: postgres
--

ALTER TABLE ONLY public.auth_user_groups
    ADD CONSTRAINT auth_user_groups_user_id_6a12ed8b_fk_auth_user_id FOREIGN KEY (user_id) REFERENCES public.auth_user(id) DEFERRABLE INITIALLY DEFERRED;


--
-- TOC entry 3319 (class 2606 OID 73830)
-- Name: auth_user_user_permissions auth_user_user_permi_permission_id_1fbb5f2c_fk_auth_perm; Type: FK CONSTRAINT; Schema: public; Owner: postgres
--

ALTER TABLE ONLY public.auth_user_user_permissions
    ADD CONSTRAINT auth_user_user_permi_permission_id_1fbb5f2c_fk_auth_perm FOREIGN KEY (permission_id) REFERENCES public.auth_permission(id) DEFERRABLE INITIALLY DEFERRED;


--
-- TOC entry 3320 (class 2606 OID 73825)
-- Name: auth_user_user_permissions auth_user_user_permissions_user_id_a95ead1b_fk_auth_user_id; Type: FK CONSTRAINT; Schema: public; Owner: postgres
--

ALTER TABLE ONLY public.auth_user_user_permissions
    ADD CONSTRAINT auth_user_user_permissions_user_id_a95ead1b_fk_auth_user_id FOREIGN KEY (user_id) REFERENCES public.auth_user(id) DEFERRABLE INITIALLY DEFERRED;


--
-- TOC entry 3321 (class 2606 OID 73846)
-- Name: django_admin_log django_admin_log_content_type_id_c4bce8eb_fk_django_co; Type: FK CONSTRAINT; Schema: public; Owner: postgres
--

ALTER TABLE ONLY public.django_admin_log
    ADD CONSTRAINT django_admin_log_content_type_id_c4bce8eb_fk_django_co FOREIGN KEY (content_type_id) REFERENCES public.django_content_type(id) DEFERRABLE INITIALLY DEFERRED;


--
-- TOC entry 3322 (class 2606 OID 73851)
-- Name: django_admin_log django_admin_log_user_id_c564eba6_fk_auth_user_id; Type: FK CONSTRAINT; Schema: public; Owner: postgres
--

ALTER TABLE ONLY public.django_admin_log
    ADD CONSTRAINT django_admin_log_user_id_c564eba6_fk_auth_user_id FOREIGN KEY (user_id) REFERENCES public.auth_user(id) DEFERRABLE INITIALLY DEFERRED;


--
-- TOC entry 3327 (class 2606 OID 155853)
-- Name: hasil_detail_hasil hasil_detail_hasil_hasil_id_415c9911_fk_hasil_hasil_id; Type: FK CONSTRAINT; Schema: public; Owner: postgres
--

ALTER TABLE ONLY public.hasil_detail_hasil
    ADD CONSTRAINT hasil_detail_hasil_hasil_id_415c9911_fk_hasil_hasil_id FOREIGN KEY (hasil_id) REFERENCES public.hasil_hasil(id) DEFERRABLE INITIALLY DEFERRED;


--
-- TOC entry 3328 (class 2606 OID 155858)
-- Name: hasil_detail_hasil hasil_detail_hasil_sapi_id_f172c9bd_fk_sapi_sapi_id; Type: FK CONSTRAINT; Schema: public; Owner: postgres
--

ALTER TABLE ONLY public.hasil_detail_hasil
    ADD CONSTRAINT hasil_detail_hasil_sapi_id_f172c9bd_fk_sapi_sapi_id FOREIGN KEY (sapi_id) REFERENCES public.sapi_sapi(id) DEFERRABLE INITIALLY DEFERRED;


--
-- TOC entry 3323 (class 2606 OID 73917)
-- Name: kriteria_kriteriasapi kriteria_kriteriasap_kriteria_id_a98bb71e_fk_kriteria_; Type: FK CONSTRAINT; Schema: public; Owner: postgres
--

ALTER TABLE ONLY public.kriteria_kriteriasapi
    ADD CONSTRAINT kriteria_kriteriasap_kriteria_id_a98bb71e_fk_kriteria_ FOREIGN KEY (kriteria_id) REFERENCES public.kriteria_kriteria(id) DEFERRABLE INITIALLY DEFERRED;


--
-- TOC entry 3324 (class 2606 OID 73922)
-- Name: kriteria_kriteriasapi kriteria_kriteriasapi_sapi_id_927a9125_fk_sapi_sapi_id; Type: FK CONSTRAINT; Schema: public; Owner: postgres
--

ALTER TABLE ONLY public.kriteria_kriteriasapi
    ADD CONSTRAINT kriteria_kriteriasapi_sapi_id_927a9125_fk_sapi_sapi_id FOREIGN KEY (sapi_id) REFERENCES public.sapi_sapi(id) DEFERRABLE INITIALLY DEFERRED;


--
-- TOC entry 3325 (class 2606 OID 73947)
-- Name: nilai_parameter nilai_parameter_kriteria_id_731cc17b_fk_kriteria_kriteria_id; Type: FK CONSTRAINT; Schema: public; Owner: postgres
--

ALTER TABLE ONLY public.nilai_parameter
    ADD CONSTRAINT nilai_parameter_kriteria_id_731cc17b_fk_kriteria_kriteria_id FOREIGN KEY (kriteria_id) REFERENCES public.kriteria_kriteria(id) DEFERRABLE INITIALLY DEFERRED;


--
-- TOC entry 3326 (class 2606 OID 73952)
-- Name: nilai_parameter nilai_parameter_nilai_id_07f976ef_fk_nilai_nilai_id; Type: FK CONSTRAINT; Schema: public; Owner: postgres
--

ALTER TABLE ONLY public.nilai_parameter
    ADD CONSTRAINT nilai_parameter_nilai_id_07f976ef_fk_nilai_nilai_id FOREIGN KEY (nilai_id) REFERENCES public.nilai_nilai(id) DEFERRABLE INITIALLY DEFERRED;


--
-- TOC entry 3506 (class 0 OID 0)
-- Dependencies: 4
-- Name: SCHEMA public; Type: ACL; Schema: -; Owner: postgres
--

REVOKE USAGE ON SCHEMA public FROM PUBLIC;
GRANT ALL ON SCHEMA public TO PUBLIC;


-- Completed on 2024-03-10 20:49:03

--
-- PostgreSQL database dump complete
--

